Classifier,PPV,NPV,Sensitivity,Specificity,Accuracy
LDA,0.460788506118705,0.45872276617409324,0.492,0.42800000000000005,0.4600000000000001
QDA,1.0,0.9813271449231493,0.9799999999999999,1.0,0.99
Naive Bayes,1.0,0.9813271449231493,0.9799999999999999,1.0,0.99
k-NN (k=1),1.0,1.0,1.0,1.0,1.0
SVM-RBF,1.0,1.0,1.0,1.0,1.0
k-NN (k=1),1.0,1.0,1.0,1.0,1.0
