Classifier,PPV,NPV,Sensitivity,Specificity,Accuracy
LDA,0.6844611250514365,0.6612348553433639,0.6439999999999999,0.696,0.67
QDA,0.9545462719778014,0.9218456621510371,0.9179999999999999,0.9559999999999998,0.9369999999999999
Naive Bayes,0.960576722178233,0.9276536297004032,0.924,0.9620000000000001,0.943
k-NN (k=1),1.0,1.0,1.0,1.0,1.0
SVM-RBF,1.0,1.0,1.0,1.0,1.0
k-NN (k=1),1.0,1.0,1.0,1.0,1.0
