Classifier,PPV,NPV,Sensitivity,Specificity,Accuracy
LDA,0.885687941024746,0.8819805328781467,0.8799999999999999,0.8859999999999999,0.883
QDA,0.8857797108347135,0.8801725540106105,0.8779999999999999,0.8860000000000001,0.882
Naive Bayes,0.8858259643037238,0.881884643458549,0.8799999999999999,0.8860000000000001,0.883
k-NN (k=1),0.9941176470588236,0.9980392156862745,0.998,0.994,0.9960000000000001
SVM-RBF,0.9980392156862745,0.9980392156862745,0.998,0.998,0.998
k-NN (k=2),1.0,0.9980392156862745,0.998,1.0,0.999
