Classifier,PPV,NPV,Sensitivity,Specificity,Accuracy
LDA,0.7509154277040085,0.747500992952495,0.744,0.75,0.7470000000000001
QDA,0.749783403699644,0.748231044424891,0.746,0.748,0.7470000000000001
Naive Bayes,0.7349519873725038,0.7346683350723482,0.732,0.734,0.733
k-NN (k=1),0.9941176470588236,0.996078431372549,0.9960000000000001,0.994,0.9949999999999999
SVM-RBF,0.9863107088989442,0.9843364213609972,0.984,0.986,0.9850000000000001
k-NN (k=5),0.9941930618401207,0.996078431372549,0.9960000000000001,0.9940000000000001,0.9950000000000001
