Classifier,PPV,NPV,Sensitivity,Specificity,Accuracy
LDA,1.0,0.9713183389143433,0.970078431372549,1.0,0.985
QDA,0.9941176470588236,0.9902322775263952,0.9900392156862745,0.9940000000000001,0.992
Naive Bayes,0.9882714932126697,0.9920376150460184,0.9920392156862745,0.9879591836734694,0.99
k-NN (k=1),0.9921176470588235,0.9843861236802413,0.9840392156862745,0.992,0.9880000000000001
SVM-RBF,0.9980392156862745,0.9902322775263952,0.9900392156862745,0.998,0.994
k-NN (k=11),0.9960392156862745,0.9862322775263952,0.9860784313725489,0.9960000000000001,0.991
