Classifier,PPV,NPV,Sensitivity,Specificity,Accuracy
LDA,0.9273553366290873,0.8812098346485536,0.8737959183673469,0.9301176470588235,0.9019999999999999
QDA,0.9770206493945095,0.9272280962814851,0.9217142857142857,0.978,0.95
Naive Bayes,0.9240144556126492,0.8872312721543736,0.8817959183673469,0.9260784313725491,0.9039999999999999
k-NN (k=1),0.9385816865838909,0.9238190687986416,0.921795918367347,0.938,0.9299999999999999
SVM-RBF,0.9932277782884457,0.889781416175261,0.875673469387755,0.994,0.9349999999999999
k-NN (k=15),0.9787463815313359,0.9204882480999055,0.9137142857142857,0.9800000000000001,0.9469999999999998
